Id,
2011335040
2011514467
2011266059
2011346131
2011485253
2011757893
2011397003
2011333588
2011995797
2011612720
2011259588
2011634529
2011077211
2011369286
2011895341
2011689325
2011704172
2011561767
2011844672
2011878450
2011804240
2011700819
2011875693
2011432103
2011968314
2011349731
2011837045
2011890850
2011171000
2011206863
2011261363
2011708753
2011003019
2011661354
2011405452
2011360167
2011372642
2011943337
2011217206
2011241470
2011701015
2011382101
2011795989
2011352218
2011436817
2011243236
2011238581
2011040686
2011155876
2011544088
2011892067
2011022068
2011259258
2011570631
2011132776
2011276791
2011913630
2011149740
2011695749
2011019601
2011215042
2011512362
2011983272
2011454450
2011083713
2011121825
2011439411
2011046605
2011985744
2011130493
2011148881
2011145643
2011313780
2011338026
2011474373
2011573893
2011603886
2011899122
2011648909
2011912680
2011886340
2011255358
2011761183
2011482843
2011010014
2011661432
2011035661
2011258660
2011536917
2011552891
2011091532
2011850656
2011072204
2011486285
2011411772
2011014588
2011720166
2011507874
2011653068
2011858787
2011277046
2011259736
2011048627
2011856831
2011270200
2011392730
2011539154
2011474391
2011561309
2011400795
2011095034
2011856311
2011398876
2011487774
2011485151
2011030596
2011644918
2011623417
2011989531
2011862002
2011903711
2011542378
2011681512
2011211291
2011257486
2011798074
2011107032
2011166336
2011137055
2011768021
2011934698
2011450726
2011419868
2011569940
2011860646
2011789503
2011924464
2011304073
2011869794
2011363645
2011027717
2011130952
2011489119
2011084412
2011733139
2011891686
2011853008
2011350080
2011085500
2011364192
2011110868
2011207181
2011804236
2011440900
2011720297
2011926569
2011585772
2011445266
2011770840
2011524732
2011812603
2011192052
2011468384
2011619921
2011729332
2011985814
2011968681
2011717698
2011564981
2011384297
2011952707
2011760679
2011509567
2011055680
2011198699
2011946573
2011843950
2011083292
2011393628
2011610798
2011093539
2011838228
2011427221
2011376894
2011596395
2011837504
2011435917
2011028754
2011639508
2011429642
2011353578
2011885632
2011639726
2011853632
2011154795
2011984638
2011654139
2011144376
2011188826
2011911441
2011436550
2011987111
2011294594
2011142078
2011697082
2011178891
2011773053
2011682976
2011275687
2011112837
2011065596
2011428741
2011356803
2011278587
2011281048
2011564592
2011707576
2011014952
2011226304
2011055820
2011240480
2011432382
2011582172
2011333587
2011403021
2011370304
2011040921
2011127415
2011287662
2011835056
2011692927
2011852249
2011779577
2011939811
2011197678
2011046934
2011435398
2011478975
2011418674
2011220909
2011123634
2011674527
2011972272
2011742141
2011708699
2011042013
2011183488
2011118956
2011180769
2011973450
2011126347
2011875682
2011815254
2011589442
2011532989
2011715862
2011254631
2011474453
2011794717
2011190377
2011633038
2011703315
2011881118
2011155242
2011420111
2011842099
2011535956
2011502468
2011076182
2011659823
2011868910
2011000300
2011837213
2011502733
2011137703
2011118292
2011329432
2011330457
2011497367
2011951189
2011325925
2011762953
2011927060
2011104594
2011822574
2011190562
2011965802
2011971029
2011672567
2011705059
2011434455
2011092410
2011611079
2011394763
2011876815
2011591087
2011416599
2011486136
2011395746
2011026298
2011842191
2011577170
2011338620
2011138863
2011619289
2011652838
2011846846
2011951450
2011232368
2011363685
2011151154
2011889050
2011389003
2011704433
2011940127
2011396068
2011595777
2011678345
2011261252
2011365592
2011420512
2011287837
2011362534
2011680169
2011955139
2011942664
2011444014
2011775965
2011851960
2011977321
2011460557
2011527763
2011672931
2011864646
2011303149
2011555254
2011129448
2011294740
2011013689
2011383801
2011216765
2011309373
2011009172
2011633824
2011809541
2011408353
2011515154
2011540050
2011252845
2011036600
2011190389
2011844355
2011356676
2011028127
2011499412
2011037174
2011174047
2011242895
2011658983
2011450714
2011110139
2011031356
2011463701
2011472233
2011173751
2011969990
2011136659
2011732753
2011113764
2011358835
2011121398
2011181641
2011042525
2011231321
2011990715
2011003545
2011288500
2011354878
2011491975
2011533749
2011572888
2011074829
2011375993
2011244432
2011285674
2011152581
2011851335
2011292554
2011032803
2011611836
2011408354
2011935199
2011621552
2011902186
2011132934
2011813336
2011028241
2011382241
2011936027
2011396412
2011207484
2011187848
2011963375
2011155932
2011174201
2011153347
2011335949
2011602005
2011614551
2011882223
2011326458
2011095036
2011690204
2011411012
2011274297
2011207469
2011228221
2011028223
2011125330
2011480817
2011143924
2011577707
2011097376
2011205780
2011533757
2011499303
2011724749
2011488978
2011729823
2011373807
2011957555
2011125889
2011294327
2011999010
2011904392
2011633588
2011993862
2011117071
2011930710
2011099822
2011024048
2011872808
2011919009
2011406949
2011180165
2011239197
2011122508
2011998712
2011291031
2011666217
2011555154
2011972129
2011694985
2011061292
2011221772
2011667628
2011232111
2011497869
2011074660
2011477624
2011754934
2011836730
2011805756
2011647642
2011627557
2011737824
2011855283
2011109821
2011168435
2011497217
2011422962
2011533197
2011179613
2011455084
2011305777
2011221341
2011083079
2011488357
2011881027
2011195371
2011930978
2011809638
2011005094
2011140340
2011092482
2011754456
2011813092
2011980961
2011380867
2011279558
2011900026
2011299098
2011378184
2011411011
2011640533
2011772715
2011610765
2011964714
2011429008
2011847432
2011821231
2011346432
2011673477
2011027455
2011473872
2011363746
2011665924
2011342745
2011136879
2011848243
2011606092
2011311138
2011901302
2011315410
2011928786
2011434712
2011637592
2011030344
2011690793
2011989301
2011644040
2011280033
2011733935
2011363665
2011478361
2011958926
2011297274
2011426807
2011515862
2011881285
2011229509
2011654094
2011960303
2011730428
2011374954
2011207708
2011870667
2011374871
2011876219
2011892681
2011127831
2011591753
2011548478
2011040595
2011037580
2011719610
2011351148
2011587842
2011311374
2011613708
2011235845
2011530255
2011682477
2011916882
2011903260
2011676815
2011859948
2011234868
2011243757
2011513824
2011536047
2011736272
2011745078
2011752111
2011422374
2011063543
2011394580
2011245387
2011750014
2011088513
2011978913
2011829326
2011895513
2011996870
2011603323
2011426482
2011136472
2011209800
2011533539
2011134516
2011557650
2011936776
2011364699
2011458045
2011199732
2011711966
2011729137
2011101596
2011479252
2011757782
2011881412
2011842289
2011282444
2011619891
2011972204
2011586458
2011975604
2011953158
2011608659
2011867658
2011656245
2011670116
2011082170
2011756121
2011435442
2011674159
2011514889
2011138013
2011015768
2011568003
2011815105
2011781040
2011681037
2011455471
2011389078
2011535736
2011012443
2011915392
2011042671
2011926896
2011357864
2011455909
2011089289
2011851982
2011906045
2011451430
2011620520
2011672497
2011601043
2011107112
2011908580
2011245437
2011398539
2011549752
2011970964
2011140325
2011816259
2011495523
2011325483
2011846238
2011063050
2011590921
2011672030
2011200946
2011262081
2011402634
2011573275
2011480526
2011747828
2011836230
2011959631
2011199843
2011367031
2011951867
2011737077
2011630003
2011917737
2011458698
2011816431
2011077312
2011104701
2011484031
2011605001
2011676083
2011643021
2011009554
2011443838
2011906581
2011611666
2011828181
2011515023
2011335022
2011616836
2011993093
2011458517
2011930606
2011418963
2011469114
2011102077
2011270716
2011669531
2011779778
2011440082
2011573597
2011392218
2011244929
2011137464
2011867688
2011021568
2011240150
2011661471
2011032482
2011941743
2011333212
2011605741
2011242744
2011650468
2011816772
2011271898
2011571545
2011355488
2011005568
2011263443
2011584007
2011496197
2011189030
2011577795
2011543470
2011351282
2011423673
2011465301
2011925816
2011838434
2011593442
2011626974
2011433453
2011022816
2011811613
2011471951
2011860657
2011186004
2011458730
2011274976
2011920549
2011698325
2011974424
2011364470
2011172008
2011327768
2011893834
2011131304
2011095509
2011221490
2011350128
2011147851
2011019689
2011448874
2011345049
2011803332
2011562623
2011639299
2011579605
2011115179
2011255044
2011738836
2011622342
2011719880
2011020326
2011307171
2011122344
